{"errors":[],"warnings":[],"namedChunkGroups":{"app":{"chunks":[13,4],"assets":["webpack-runtime-69607bb3d8b9b6e61df9.js","webpack-runtime-69607bb3d8b9b6e61df9.js.map","app-43cccc18481f4ccb3b78.js","app-43cccc18481f4ccb3b78.js.map"],"children":{},"childAssets":{}},"component---node-modules-gatsby-plugin-offline-app-shell-js":{"chunks":[5],"assets":["component---node-modules-gatsby-plugin-offline-app-shell-js-554b9a695eb29cca4f78.js","component---node-modules-gatsby-plugin-offline-app-shell-js-554b9a695eb29cca4f78.js.map"],"children":{},"childAssets":{}},"component---src-templates-post-jsx":{"chunks":[0,2,12,1,6],"assets":["0.996290fd3efb0f900abd.css","0-f538097f4393b4f08fb4.js","0-f538097f4393b4f08fb4.js.map","2-f1ac7eed66141fc92f3f.js","2-f1ac7eed66141fc92f3f.js.map","12-b7e547738f02a1b84b04.js","12-b7e547738f02a1b84b04.js.map","1.ec4af2b85f6e8b7b01e2.css","1-64f83949ecaad42e5d84.js","1-64f83949ecaad42e5d84.js.map","component---src-templates-post-jsx.a886592ba8eee0b26eb3.css","component---src-templates-post-jsx-1cb0443c47098c2c06a1.js","component---src-templates-post-jsx-1cb0443c47098c2c06a1.js.map"],"children":{},"childAssets":{}},"component---src-templates-tag-jsx":{"chunks":[0,2,1,3,7],"assets":["0.996290fd3efb0f900abd.css","0-f538097f4393b4f08fb4.js","0-f538097f4393b4f08fb4.js.map","2-f1ac7eed66141fc92f3f.js","2-f1ac7eed66141fc92f3f.js.map","1.ec4af2b85f6e8b7b01e2.css","1-64f83949ecaad42e5d84.js","1-64f83949ecaad42e5d84.js.map","3.5b45ca12df3e7aa2ab91.css","3-431c498d362013358357.js","3-431c498d362013358357.js.map","component---src-templates-tag-jsx-dda5d8324dfc64aa7f1e.js","component---src-templates-tag-jsx-dda5d8324dfc64aa7f1e.js.map"],"children":{},"childAssets":{}},"component---src-templates-category-jsx":{"chunks":[0,2,1,3,8],"assets":["0.996290fd3efb0f900abd.css","0-f538097f4393b4f08fb4.js","0-f538097f4393b4f08fb4.js.map","2-f1ac7eed66141fc92f3f.js","2-f1ac7eed66141fc92f3f.js.map","1.ec4af2b85f6e8b7b01e2.css","1-64f83949ecaad42e5d84.js","1-64f83949ecaad42e5d84.js.map","3.5b45ca12df3e7aa2ab91.css","3-431c498d362013358357.js","3-431c498d362013358357.js.map","component---src-templates-category-jsx-3e97dd337f5e8c61135a.js","component---src-templates-category-jsx-3e97dd337f5e8c61135a.js.map"],"children":{},"childAssets":{}},"component---src-pages-about-jsx":{"chunks":[0,1,9],"assets":["0.996290fd3efb0f900abd.css","0-f538097f4393b4f08fb4.js","0-f538097f4393b4f08fb4.js.map","1.ec4af2b85f6e8b7b01e2.css","1-64f83949ecaad42e5d84.js","1-64f83949ecaad42e5d84.js.map","component---src-pages-about-jsx.0646532bad49e646239e.css","component---src-pages-about-jsx-4721ef4f19ebfadfff0f.js","component---src-pages-about-jsx-4721ef4f19ebfadfff0f.js.map"],"children":{},"childAssets":{}},"component---src-pages-index-jsx":{"chunks":[0,2,1,3,10],"assets":["0.996290fd3efb0f900abd.css","0-f538097f4393b4f08fb4.js","0-f538097f4393b4f08fb4.js.map","2-f1ac7eed66141fc92f3f.js","2-f1ac7eed66141fc92f3f.js.map","1.ec4af2b85f6e8b7b01e2.css","1-64f83949ecaad42e5d84.js","1-64f83949ecaad42e5d84.js.map","3.5b45ca12df3e7aa2ab91.css","3-431c498d362013358357.js","3-431c498d362013358357.js.map","component---src-pages-index-jsx-ca811d37e8c652f4f42a.js","component---src-pages-index-jsx-ca811d37e8c652f4f42a.js.map"],"children":{},"childAssets":{}}},"assetsByChunkName":{"app":["webpack-runtime-69607bb3d8b9b6e61df9.js","app-43cccc18481f4ccb3b78.js"],"component---node-modules-gatsby-plugin-offline-app-shell-js":["component---node-modules-gatsby-plugin-offline-app-shell-js-554b9a695eb29cca4f78.js"],"component---src-templates-post-jsx":["0.996290fd3efb0f900abd.css","0-f538097f4393b4f08fb4.js","2-f1ac7eed66141fc92f3f.js","12-b7e547738f02a1b84b04.js","1.ec4af2b85f6e8b7b01e2.css","1-64f83949ecaad42e5d84.js","component---src-templates-post-jsx.a886592ba8eee0b26eb3.css","component---src-templates-post-jsx-1cb0443c47098c2c06a1.js"],"component---src-templates-tag-jsx":["0.996290fd3efb0f900abd.css","0-f538097f4393b4f08fb4.js","2-f1ac7eed66141fc92f3f.js","1.ec4af2b85f6e8b7b01e2.css","1-64f83949ecaad42e5d84.js","3.5b45ca12df3e7aa2ab91.css","3-431c498d362013358357.js","component---src-templates-tag-jsx-dda5d8324dfc64aa7f1e.js"],"component---src-templates-category-jsx":["0.996290fd3efb0f900abd.css","0-f538097f4393b4f08fb4.js","2-f1ac7eed66141fc92f3f.js","1.ec4af2b85f6e8b7b01e2.css","1-64f83949ecaad42e5d84.js","3.5b45ca12df3e7aa2ab91.css","3-431c498d362013358357.js","component---src-templates-category-jsx-3e97dd337f5e8c61135a.js"],"component---src-pages-about-jsx":["0.996290fd3efb0f900abd.css","0-f538097f4393b4f08fb4.js","1.ec4af2b85f6e8b7b01e2.css","1-64f83949ecaad42e5d84.js","component---src-pages-about-jsx.0646532bad49e646239e.css","component---src-pages-about-jsx-4721ef4f19ebfadfff0f.js"],"component---src-pages-index-jsx":["0.996290fd3efb0f900abd.css","0-f538097f4393b4f08fb4.js","2-f1ac7eed66141fc92f3f.js","1.ec4af2b85f6e8b7b01e2.css","1-64f83949ecaad42e5d84.js","3.5b45ca12df3e7aa2ab91.css","3-431c498d362013358357.js","component---src-pages-index-jsx-ca811d37e8c652f4f42a.js"]}}